H.P,ML.PACo.resid,ML.PACo.median,ML.PACo.1.5IQR,ML.ParaFit.F1,ML.ParaFit.p,ML.ParaFit.sig,ML.overlap.PACo.resid,ML.overlap.PACo.median,ML.overlap.PACo.1.5IQR,ML.overlap.ParaFit.F1,ML.overlap.ParaFit.p,ML.overlap.ParaFit.sig,BEAST.PACo.resid,BEAST.PACo.median,BEAST.PACo.1.5IQR,BEAST.ParaFit.F1,BEAST.ParaFit.p,BEAST.ParaFit.sig,BEAST.overlap.PACo.resid,BEAST.overlap.PACo.median,BEAST.overlap.PACo.1.5IQR,BEAST.overlap.ParaFit.F1,BEAST.overlap.ParaFit.p,BEAST.overlap.ParaFit.sig,Carrier
Rhinolophus.acuminatus-KP100346,0.081609431,0,1,-0.0203376,0.9810019,0,1.072558669,0,0,-0.17947967,0.99750025,0,0.225068431,0,0,0.160079776,9.999E-05,1,1.105186622,0,0,0.10416896,0.283471653,0,bat
Rhinolophus.sinicus-KP100343,0.083788128,0,1,-0.02422314,0.99330067,0,0.195396355,1,1,0.038073476,0.928607139,0,0.158504049,0,1,0.1606642,9.999E-05,1,0.284180538,0,1,0.125855218,0.165183482,0,bat
Pteronotus.davyi-HM597194,0.013659408,1,1,0.051822349,0.053294671,0,0.169025522,1,1,0.469605629,0.00029997,1,0.044817341,1,1,0.146454069,9.999E-05,1,0.201252988,1,1,0.282107972,9.999E-05,1,bat
Pteronotus.davyi-HM597193,0.013478885,1,1,0.051373816,0.049995,1,0.168037906,1,1,0.464887486,0.00029997,1,0.044817341,1,1,0.146454069,9.999E-05,1,0.201252988,1,1,0.282107972,9.999E-05,1,bat
Desmodus.rotundus-HM597188,0.01904237,1,1,0.173243768,9.999E-05,1,0.104212372,1,1,1.218728665,9.999E-05,1,0.034127105,1,1,0.26405651,9.999E-05,1,0.094081092,1,1,0.794344161,9.999E-05,1,bat
Desmodus.rotundus-JQ071379,0.01857277,1,1,0.174223317,9.999E-05,1,0.10239711,1,1,1.22576617,9.999E-05,1,0.034171781,1,1,0.26405422,9.999E-05,1,0.09408737,1,1,0.794354678,9.999E-05,1,bat
Desmodus.rotundus-HM597187,0.019535521,1,1,0.172069747,9.999E-05,1,0.106152508,1,1,1.210710524,9.999E-05,1,0.034115492,1,1,0.264060663,9.999E-05,1,0.094068243,1,1,0.794354467,9.999E-05,1,bat
Desmodus.rotundus-HM597189,0.018573351,1,1,0.1742884,9.999E-05,1,0.102339798,1,1,1.226780587,9.999E-05,1,0.034171781,1,1,0.26405422,9.999E-05,1,0.09408737,1,1,0.794354678,9.999E-05,1,bat
Carollia.perspicillata-HM597191,0.045814027,0,1,0.123270234,0.00069993,1,0.178148632,1,1,1.219627708,9.999E-05,1,0.113055773,0,1,0.265134298,9.999E-05,1,0.168188734,1,1,0.801038122,9.999E-05,1,bat
Desmodus.rotundus-HM597191,0.019058898,1,1,0.174659623,9.999E-05,1,0.104236995,1,1,1.245488092,9.999E-05,1,0.034189595,1,1,0.264053297,9.999E-05,1,0.094089897,1,1,0.794358842,9.999E-05,1,bat
Carollia.perspicillata-HM597192,0.046128232,0,1,0.124037143,0.00109989,1,0.178211166,1,1,1.228457473,9.999E-05,1,0.113048615,0,1,0.26513274,9.999E-05,1,0.16819458,1,1,0.801028723,9.999E-05,1,bat
Desmodus.rotundus-HM597192,0.01857705,1,1,0.175912892,9.999E-05,1,0.102330683,1,1,1.254628798,9.999E-05,1,0.034202056,1,1,0.264048832,9.999E-05,1,0.094103705,1,1,0.794347748,9.999E-05,1,bat
Desmodus.rotundus-HM597190,0.020591426,1,1,0.167841327,9.999E-05,1,0.110429298,1,1,1.182361936,9.999E-05,1,0.034115492,1,1,0.264060663,9.999E-05,1,0.094068243,1,1,0.794354467,9.999E-05,1,bat
Eidolon.helvum-KM030516,0.051389144,0,1,-0.049436013,0.9990001,0,0.416037228,0,1,-0.32440515,0.99990001,0,0.116965588,0,1,0.415200236,9.999E-05,1,0.237590384,1,1,0.859772218,9.999E-05,1,bat
Pteropus.hypomelanus-JX416256,0.062905273,0,1,-0.038074206,0.99650035,0,0.686218914,0,1,-0.07992067,0.96620338,0,0.172257598,0,1,0.337467887,9.999E-05,1,0.884739571,0,0,0.118676787,0.139986001,0,ectoparasite
Eidolon.helvum-JN172070,0.057345288,0,1,-0.05023838,0.99870013,0,0.449739685,0,1,-0.316801284,1,0,0.115985566,0,1,0.41558862,9.999E-05,1,0.229817371,1,1,0.86490441,9.999E-05,1,ectoparasite
Eidolon.helvum-JN172071,0.057762792,0,1,-0.051921037,0.9990001,0,0.452791191,0,1,-0.33096442,1,0,0.115985566,0,1,0.41558862,9.999E-05,1,0.229817371,1,1,0.86490441,9.999E-05,1,ectoparasite
Eidolon.helvum-JN172052,0.041033321,1,1,0.057421129,0.00409959,1,0.321538644,0,1,0.432521545,9.999E-05,1,0.124840426,0,1,0.406358575,9.999E-05,1,0.252809861,1,1,0.844431303,9.999E-05,1,ectoparasite
Micropteropus.pusillus-KM030503,0.020595917,1,1,0.070093841,0.00829917,1,0.188649122,1,1,0.496764456,9.999E-05,1,0.054209705,1,1,0.343385755,9.999E-05,1,0.032914052,1,1,0.607397002,9.999E-05,1,bat
Epomophorus.gambianus-KM030503,0.01972412,1,1,0.068944337,0.01129887,1,0.358938034,0,1,0.406210695,0.00079992,1,0.055482679,1,1,0.343385441,9.999E-05,1,0.360399988,0,1,0.452374986,9.999E-05,1,bat
Eidolon.helvum-KM030503,0.047018641,0,1,0.078359876,0.00519948,1,0.357363208,0,1,0.556652836,9.999E-05,1,0.125177671,0,1,0.411624095,9.999E-05,1,0.256292519,1,1,0.852406848,9.999E-05,1,bat
Phyllostomus.hastatus-HM597204,0.042808287,0,1,0.06895045,0.00679932,1,0.271758338,1,1,0.60256806,9.999E-05,1,0.141238859,0,1,0.226077378,9.999E-05,1,0.221386237,1,1,0.624814855,9.999E-05,1,bat
Artibeus.obscurus-JQ071380,0.073426191,0,1,0.084475636,0.00139986,1,0.312201947,1,1,0.527364441,9.999E-05,1,0.129746854,0,1,0.231877878,9.999E-05,1,0.267454271,1,1,0.565107646,9.999E-05,1,bat
Micronycteris.microtis-HM597207,0.029541217,1,1,0.062830274,0.01429857,1,0.353090355,0,1,0.334855591,0.00179982,1,0.113785941,0,1,0.19611134,9.999E-05,1,0.443259513,0,1,0.288135883,9.999E-05,1,bat
Carollia.perspicillata-JQ071385,0.047365489,0,1,0.073034966,0.0059994,1,0.26048878,1,1,0.628948848,9.999E-05,1,0.134431851,0,1,0.227380452,9.999E-05,1,0.209665458,1,1,0.639890141,9.999E-05,1,bat
Monophyllus.redmani-KJ530746,0.028896632,1,1,0.112802192,0.00089991,1,0.336157784,0,1,0.276054854,0.01659834,1,0.059480976,1,1,0.265572198,9.999E-05,1,0.307484905,0,1,0.061891328,0.252074793,0,bat
Phyllonycteris.poeyi-KJ530746,0.03549725,1,1,0.102180228,0.00179982,1,0.316924826,0,1,0.270561684,0.01889811,1,0.078170913,1,1,0.258826856,9.999E-05,1,0.286485431,0,1,0.05794781,0.276272373,0,bat
Monophyllus.redmani-KJ530743,0.029894817,1,1,0.112942111,0.00049995,1,0.333063885,0,1,0.22062795,0.060593941,0,0.058748131,1,1,0.265394404,9.999E-05,1,0.314157683,0,1,0.060662564,0.266673333,0,bat
Phyllostomus.hastatus-HM597201,0.026388937,1,1,0.101514904,0.00029997,1,0.23067255,1,1,0.768671752,9.999E-05,1,0.053149421,1,1,0.270044341,9.999E-05,1,0.217355285,1,1,0.63873159,9.999E-05,1,bat
Monophyllus.redmani-KJ530744,0.026944367,1,1,0.107920323,0.00059994,1,0.421951833,0,1,0.148198792,0.203679632,0,0.055309677,1,1,0.262234,9.999E-05,1,0.392958354,0,1,0.043122089,0.377362264,0,bat
Desmodus.rotundus-HM597196,0.049376199,0,1,0.104361929,0.00019998,1,0.252179635,1,1,0.764628487,9.999E-05,1,0.140541541,0,1,0.215482457,9.999E-05,1,0.266522572,1,1,0.615576156,9.999E-05,1,bat
Desmodus.rotundus-HM597195,0.048974076,0,1,0.102932489,9.999E-05,1,0.249315021,1,1,0.753598303,9.999E-05,1,0.140541541,0,1,0.215482457,9.999E-05,1,0.266522572,1,1,0.615576156,9.999E-05,1,bat
Myotis.daubentonii-KF003129,0.072783182,0,1,0.074072791,0.00039996,1,0.495956362,0,1,0.209668346,0.00309969,1,0.070999201,1,1,0.224358814,9.999E-05,1,0.392473161,0,1,0.220853727,0.0009999,1,bat
Myotis.daubentonii-AJ871613,0.093219108,0,1,0.055787707,0.01079892,1,0.454153627,0,1,0.098193255,0.275772423,0,0.110697973,0,1,0.260089746,9.999E-05,1,0.332401201,0,1,0.306898713,0.00039996,1,bat
Myotis.mystacinus-AJ871612,0.116519584,0,0,0.056449606,0.00819918,1,0.480264466,0,1,0.04927877,0.483251675,0,0.097695874,0,1,0.26042817,9.999E-05,1,0.323099791,0,1,0.329191472,9.999E-05,1,bat
Eptesicus.nilssonii-KF003115,0.137298905,0,0,0.064572282,0.00329967,1,0.443595091,0,1,0.062529371,0.405059494,0,0.077468417,1,1,0.235779216,9.999E-05,1,0.324178332,0,1,0.231824038,0.00219978,1,bat
Myotis.brandtii-KF003137,0.100399247,0,1,0.061003773,0.00689931,1,0.394275007,0,1,0.10707562,0.211278872,0,0.093764236,0,1,0.260271573,9.999E-05,1,0.245057392,1,1,0.302608608,0.00019998,1,ectoparasite
Pipistrellus.pipistrellus-AJ871614,0.149767049,0,0,0.092431162,0.00049995,1,0.475600218,0,1,0.074287529,0.412358764,0,0.069624278,1,1,0.245342385,9.999E-05,1,0.345966831,0,1,0.325565791,9.999E-05,1,bat
Nyctalus.noctula-AJ871615,0.114472063,0,0,0.089015808,0.00089991,1,0.345111895,0,1,0.108981518,0.265173483,0,0.056570624,1,1,0.243409664,9.999E-05,1,0.241829991,1,1,0.329428408,9.999E-05,1,bat
Corynorhinus.townsendii-JX416236,0.082541084,0,1,0.038934684,0.03929607,1,0.456962854,0,1,-0.033301526,0.907809219,0,0.072220374,1,1,0.219260274,9.999E-05,1,0.481573072,0,1,0.018570322,0.557144286,0,ectoparasite
Pipistrellus.pipistrellus-AJ871611,0.163114884,0,0,0.062121444,0.00379962,1,0.444819311,0,1,0.013122879,0.737926207,0,0.061640621,1,1,0.239469505,9.999E-05,1,0.266631004,1,1,0.315691719,9.999E-05,1,bat
Tylonycteris.pachypus-JX416246,0.162239332,0,0,0.054654598,0.00119988,1,0.45861929,0,1,0.339235455,9.999E-05,1,0.143767463,0,1,0.194314788,9.999E-05,1,0.603472127,0,0,-0.090442194,0.98490151,0,ectoparasite
Myotis.nattereri-JX416241,0.155112918,0,0,0.062251241,0.00079992,1,0.503327274,0,1,0.230028779,0.00069993,1,0.147128752,0,1,0.215714059,9.999E-05,1,0.350073828,0,1,0.312697147,9.999E-05,1,ectoparasite
Miniopterus.natalensis-HM545140,0.061140269,0,1,0.050970287,0.00529947,1,0.391887737,0,1,0.276814814,0.00019998,1,0.090681492,1,1,0.114262163,0.00039996,1,0.411643627,0,1,-0.029136368,0.878912109,0,bat
Hipposideros.larvatus-KP100355,0.053212539,0,1,0.050339475,0.00159984,1,0.458937449,0,1,0.350928009,9.999E-05,1,0.121346436,0,1,0.402182886,9.999E-05,1,0.345807113,0,1,0.612841998,9.999E-05,1,bat
Phyllostomus.hastatus-HM597198,0.021186738,1,1,0.103426571,0.00049995,1,0.217506082,1,1,0.831552339,9.999E-05,1,0.046783918,1,1,0.270435072,9.999E-05,1,0.219144912,1,1,0.6594199,9.999E-05,1,bat
Phyllostomus.hastatus-JQ071387,0.021070709,1,1,0.104026448,0.00049995,1,0.21797833,1,1,0.836661475,9.999E-05,1,0.046783918,1,1,0.270435072,9.999E-05,1,0.219144912,1,1,0.6594199,9.999E-05,1,bat
Artibeus.toltecus-HM597197,0.065974069,0,1,0.119729618,0.00019998,1,0.528026626,0,1,-0.024794101,0.912108789,0,0.120794802,0,1,0.261447722,9.999E-05,1,0.565792356,0,0,-0.036001391,0.884211579,0,bat
Phyllostomus.hastatus-JQ071388,0.024170988,1,1,0.102042149,0.00049995,1,0.226978468,1,1,0.81289374,9.999E-05,1,0.049992425,1,1,0.27018753,9.999E-05,1,0.22413605,1,1,0.65749388,9.999E-05,1,bat
Desmodus.rotundus-JQ071378,0.050342781,0,1,0.09947222,0.00029997,1,0.244499455,1,1,0.769968173,9.999E-05,1,0.147456994,0,1,0.215428232,9.999E-05,1,0.269892845,1,1,0.62692934,9.999E-05,1,bat
Vampyressa.bidens-JQ071389,0.032332858,1,1,0.093680926,0.00049995,1,0.283647624,1,1,0.530277674,9.999E-05,1,0.104215277,0,1,0.257980787,9.999E-05,1,0.301704858,0,1,0.438681723,9.999E-05,1,bat
Diaemus.youngi-JX416251,0.033638677,1,1,0.09627244,0.00069993,1,0.239834407,1,1,0.814991025,9.999E-05,1,0.09388598,0,1,0.206603422,9.999E-05,1,0.236902758,1,1,0.631341489,9.999E-05,1,ectoparasite
Rhinolophus.acuminatus-KP100351,0.021839469,1,1,0.143464412,9.999E-05,1,0.188639506,1,1,0.949540397,9.999E-05,1,0.087189345,1,1,0.46304978,9.999E-05,1,0.170187391,1,1,0.68810278,9.999E-05,1,bat
Rhinolophus.acuminatus-KP100342,0.021564087,1,1,0.144442321,0.00019998,1,0.181879564,1,1,0.957360402,9.999E-05,1,0.087189345,1,1,0.46304978,9.999E-05,1,0.170187391,1,1,0.68810278,9.999E-05,1,bat
Rhinolophus.acuminatus-KP100345,0.021330003,1,1,0.145242304,9.999E-05,1,0.175463562,1,1,0.963443534,9.999E-05,1,0.087205452,1,1,0.463042191,9.999E-05,1,0.170287344,1,1,0.688080322,9.999E-05,1,bat
Rhinolophus.acuminatus-KP100349,0.021082531,1,1,0.145794082,0.00019998,1,0.168137208,1,1,0.971878597,9.999E-05,1,0.087237208,1,1,0.463052739,9.999E-05,1,0.170856505,1,1,0.688002075,9.999E-05,1,bat
Rhinolophus.acuminatus-KP100340,0.021071018,1,1,0.145831299,0.00019998,1,0.167769487,1,1,0.972234271,9.999E-05,1,0.087237208,1,1,0.463052739,9.999E-05,1,0.170856505,1,1,0.688002075,9.999E-05,1,bat
Rhinolophus.sinicus-KP100344,0.041346121,0,1,0.14048467,0.00019998,1,0.822515862,0,0,0.361879768,0.00409959,1,0.121799751,0,1,0.461045147,9.999E-05,1,0.823968207,0,0,0.318320444,0.00039996,1,bat
Hipposideros.larvatus-KP100360,0.034207558,1,1,0.132138014,9.999E-05,1,0.339718727,0,1,0.816312238,9.999E-05,1,0.076838678,1,1,0.472302377,9.999E-05,1,0.256798448,1,1,0.739017705,9.999E-05,1,bat
Hipposideros.armiger-KP100360,0.034934655,1,1,0.132325768,0.00019998,1,0.44310184,0,1,0.693417098,9.999E-05,1,0.07397015,1,1,0.471654636,9.999E-05,1,0.390601656,0,1,0.646336998,9.999E-05,1,bat
Hipposideros.larvatus-KP100354,0.034050311,1,1,0.127585475,0.00019998,1,0.338134638,0,1,0.795318396,9.999E-05,1,0.07684595,1,1,0.472298234,9.999E-05,1,0.256816116,1,1,0.739011146,9.999E-05,1,bat
Hipposideros.diadema-JX416238,0.024385956,1,1,0.113913256,0.00029997,1,0.362884256,0,1,0.601516362,9.999E-05,1,0.067583605,1,1,0.467912716,9.999E-05,1,0.323138813,0,1,0.530317668,9.999E-05,1,ectoparasite
Triaenops.persicus-HM545138,0.03409886,1,1,0.124671596,0.00049995,1,0.416809602,0,1,0.346783901,0.0049995,1,0.060526502,1,1,0.424625328,9.999E-05,1,0.477480734,0,1,0.217047428,0.00739926,1,bat
Megaderma.lyra-KP100341,0.061057228,0,1,0.073608644,0.00039996,1,0.418427211,0,1,0.435976759,9.999E-05,1,0.086434553,1,1,0.396550576,9.999E-05,1,0.297819645,0,1,0.545431428,9.999E-05,1,bat
Rhinolophus.acuminatus-KP100350,0.038211183,1,1,0.08949197,9.999E-05,1,0.424403292,0,1,0.522408929,9.999E-05,1,0.137507636,0,1,0.4133116,9.999E-05,1,0.402051528,0,1,0.583774599,9.999E-05,1,bat
Carollia.perspicillata-HM597199,0.042396256,0,1,0.133116075,0.00229977,1,0.221012633,1,1,1.088936261,9.999E-05,1,0.100489454,0,1,0.25884426,9.999E-05,1,0.24176083,1,1,0.656450911,9.999E-05,1,bat
Sturnira.lilium-HM597199,0.037715229,1,1,0.102780631,0.00769923,1,0.211459895,1,1,1.083159014,9.999E-05,1,0.105379491,0,1,0.26458569,9.999E-05,1,0.221756783,1,1,0.652557403,9.999E-05,1,bat
Phyllostomus.hastatus-HM597200,0.054922629,0,1,0.104715022,0.00579942,1,0.219767992,1,1,1.003440162,9.999E-05,1,0.136661042,0,1,0.248402076,9.999E-05,1,0.252834717,1,1,0.637100585,9.999E-05,1,bat
Artibeus.lituratus-JX416232,0.040218548,1,1,0.180350279,9.999E-05,1,0.211427816,1,1,1.056704381,9.999E-05,1,0.053214467,1,1,0.272537066,9.999E-05,1,0.231564649,1,1,0.667516908,9.999E-05,1,ectoparasite
Artibeus.jamaicensis-KJ530741,0.039329566,1,1,0.176772592,0.00029997,1,0.611395115,0,1,0.191817201,0.170682932,0,0.058693481,1,1,0.272432292,9.999E-05,1,0.580063139,0,0,0.127241053,0.060093991,0,bat
Artibeus.planirostris-JQ071381,0.035934996,1,1,0.181696992,9.999E-05,1,0.206661364,1,1,0.78302001,9.999E-05,1,0.052478082,1,1,0.272517323,9.999E-05,1,0.233171636,1,1,0.466968997,9.999E-05,1,bat
Sturnira.lilium-HM597206,0.038331197,1,1,0.098971048,0.00889911,1,0.21531792,1,1,1.028430697,9.999E-05,1,0.106484694,0,1,0.262808284,9.999E-05,1,0.224131775,1,1,0.647488623,9.999E-05,1,bat
Artibeus.planirostris-JQ071382,0.063355224,0,1,0.161295828,0.00019998,1,0.271438008,1,1,0.743489211,0.00019998,1,0.119709343,0,1,0.264479564,9.999E-05,1,0.312636643,0,1,0.455431221,9.999E-05,1,bat
Carollia.perspicillata-JQ071384,0.029836705,1,1,0.12936403,0.00169983,1,0.228343554,1,1,0.982623353,9.999E-05,1,0.058243153,1,1,0.259255974,9.999E-05,1,0.259689413,1,1,0.638670146,9.999E-05,1,bat
Carollia.perspicillata-JQ071386,0.029866716,1,1,0.13156791,0.00159984,1,0.231498724,1,1,1.000554559,9.999E-05,1,0.058111889,1,1,0.259246057,9.999E-05,1,0.25965277,1,1,0.638638221,9.999E-05,1,bat
Glossophaga.soricina-HM597202,0.044808246,0,1,0.155780533,0.00029997,1,0.234794151,1,1,1.033067224,9.999E-05,1,0.074197039,1,1,0.253755853,9.999E-05,1,0.254383202,1,1,0.646556783,9.999E-05,1,bat
Pteronotus.davyi-HM597202,0.054586177,0,1,0.05299592,0.072792721,0,0.468923064,0,1,0.424970724,0.00669933,1,0.20633924,0,0,0.143129254,0.00029997,1,0.444842778,0,1,0.274058609,0.00029997,1,bat
Glossophaga.soricina-JQ071383,0.044388564,0,1,0.155849612,0.00059994,1,0.236876698,1,1,1.035715048,9.999E-05,1,0.074200416,1,1,0.253754125,9.999E-05,1,0.254373759,1,1,0.646553566,9.999E-05,1,bat
Macrotus.waterhousii-JX416237,0.015584347,1,1,0.089712153,0.01529847,1,0.254549857,1,1,0.263538092,0.101389861,0,0.045555211,1,1,0.214582046,9.999E-05,1,0.276350731,1,1,0.063120452,0.256974303,0,ectoparasite
Macrotus.waterhousii-JX416253,0.015890284,1,1,0.089275953,0.01639836,1,0.2577748,1,1,0.262081942,0.099390061,0,0.045555211,1,1,0.214582046,9.999E-05,1,0.276350731,1,1,0.063120452,0.259874013,0,ectoparasite
Monophyllus.redmani-KJ530745,0.047614179,0,1,0.122352783,0.00279972,1,0.658210981,0,1,0.039627132,0.699630037,0,0.119239258,0,1,0.244182521,9.999E-05,1,0.661889705,0,0,-0.043025703,0.905109489,0,bat
Brachyphylla.cavernarum-KJ530742,0.031164327,1,1,0.115331399,0.00329967,1,0.510497061,0,1,-0.096375429,0.945405459,0,0.088481419,1,1,0.240805705,9.999E-05,1,0.499941536,0,1,-0.107418751,0.98860114,0,bat
Pteronotus.davyi-HM597205,0.056260279,0,1,0.051274108,0.077292271,0,0.46426515,0,1,0.419458696,0.00609939,1,0.200062668,0,1,0.140314906,9.999E-05,1,0.405375149,0,1,0.268350954,0.00049995,1,bat
Rhinolophus.pearsonii-JX416252,0.047750848,0,1,-0.005164281,0.99720028,0,0.407469627,0,1,0.039053358,0.842215778,0,0.124625191,0,1,0.385635739,9.999E-05,1,0.30995505,0,1,0.411870962,9.999E-05,1,ectoparasite
Hipposideros.gigas-HM545137,0.031699791,1,1,0.109465798,0.00049995,1,0.270810066,1,1,0.556490694,9.999E-05,1,0.060154962,1,1,0.416228962,9.999E-05,1,0.340533587,0,1,0.354705159,9.999E-05,1,bat
Megaderma.lyra-KP100359,0.053819317,0,1,0.09744001,0.00069993,1,0.402434013,0,1,0.584166189,9.999E-05,1,0.119058015,0,1,0.393099737,9.999E-05,1,0.383983365,0,1,0.541540024,9.999E-05,1,bat
Eidolon.helvum-JN172047,0.011474174,1,1,0.390945439,1.00E-04,1,0.218332238,1,1,2.438396215,9.999E-05,1,0.075473625,1,1,0.597754449,9.999E-05,1,0.302500642,0,1,1.085640083,9.999E-05,1,ectoparasite
Eidolon.helvum-KM030520,0.011473029,1,1,0.390229768,1.00E-04,1,0.217954886,1,1,2.434001955,9.999E-05,1,0.075469049,1,1,0.597770058,9.999E-05,1,0.302448004,0,1,1.085727972,9.999E-05,1,bat
Eidolon.helvum-KM030506,0.01152884,1,1,0.386523093,1.00E-04,1,0.216387651,1,1,2.411258008,9.999E-05,1,0.075582458,1,1,0.597600225,9.999E-05,1,0.303011994,0,1,1.085019247,9.999E-05,1,bat
Eidolon.helvum-KM030526,0.011473026,1,1,0.390237761,1.00E-04,1,0.217959006,1,1,2.434051025,9.999E-05,1,0.075590517,1,1,0.597616261,9.999E-05,1,0.303036047,0,1,1.085037355,9.999E-05,1,bat
Eidolon.helvum-KM030525,0.011460727,1,1,0.392820161,1.00E-04,1,0.218701775,1,1,2.452900726,9.999E-05,1,0.075441088,1,1,0.597828823,9.999E-05,1,0.30231901,0,1,1.085913966,9.999E-05,1,bat
Eidolon.helvum-KM030514,0.01146221,1,1,0.390986366,1.00E-04,1,0.217782911,1,1,2.441621327,9.999E-05,1,0.075442955,1,1,0.597825084,9.999E-05,1,0.302326648,0,1,1.085899285,9.999E-05,1,bat
Eidolon.helvum-KM030515,0.011460779,1,1,0.39282892,1.00E-04,1,0.218706534,1,1,2.452954616,9.999E-05,1,0.075441088,1,1,0.597828823,9.999E-05,1,0.30231901,0,1,1.085913966,9.999E-05,1,bat
Eidolon.helvum-KM030513,0.011550437,1,1,0.388895679,1.00E-04,1,0.219599116,1,1,2.409229979,9.999E-05,1,0.075813057,1,1,0.597332612,9.999E-05,1,0.307028974,0,1,1.082105539,9.999E-05,1,bat
Rhinolophus.landeri-KF418807,0.081556696,0,1,0.147046551,0.00709929,1,0.276941381,1,1,2.303469115,9.999E-05,1,0.196430674,0,1,0.357520533,9.999E-05,1,0.354413775,0,1,1.018244152,9.999E-05,1,bat
Eidolon.helvum-JN172068,0.011583251,1,1,0.383507032,1.00E-04,1,0.215870809,1,1,2.388492944,9.999E-05,1,0.075473625,1,1,0.597754449,9.999E-05,1,0.302500642,0,1,1.085640083,9.999E-05,1,ectoparasite
Epomophorus.gambianus-KF418806,0.060956148,0,1,0.268506214,9.999E-05,1,0.595724296,0,1,1.334521713,9.999E-05,1,0.222194962,0,0,0.504226574,9.999E-05,1,0.696716378,0,0,0.569913426,9.999E-05,1,bat
Eidolon.helvum-JN172062,0.015249754,1,1,0.306591678,1.00E-04,1,0.214102458,1,1,1.97532219,9.999E-05,1,0.079065252,1,1,0.580373805,9.999E-05,1,0.280836782,1,1,1.06316009,9.999E-05,1,ectoparasite
Eidolon.helvum-JN172037,0.015333541,1,1,0.290364703,1.00E-04,1,0.213511052,1,1,1.866424344,9.999E-05,1,0.078811286,1,1,0.580875479,9.999E-05,1,0.279772821,1,1,1.064588223,9.999E-05,1,ectoparasite
Eidolon.helvum-KM030509,0.01513882,1,1,0.305101616,1.00E-04,1,0.213211042,1,1,1.965733031,9.999E-05,1,0.079065252,1,1,0.580373805,9.999E-05,1,0.280836782,1,1,1.06316009,9.999E-05,1,bat
Eidolon.helvum-KM030511,0.01522271,1,1,0.291941762,1.00E-04,1,0.21287851,1,1,1.877367668,9.999E-05,1,0.078793963,1,1,0.580909699,9.999E-05,1,0.279700249,1,1,1.064685633,9.999E-05,1,bat
Eidolon.helvum-KM030523,0.015339246,1,1,0.290632361,1.00E-04,1,0.213491195,1,1,1.868991299,9.999E-05,1,0.078793963,1,1,0.580909699,9.999E-05,1,0.279700249,1,1,1.064685633,9.999E-05,1,bat
Eidolon.helvum-KM030522,0.015131595,1,1,0.297305086,1.00E-04,1,0.212919623,1,1,1.911735423,9.999E-05,1,0.078866503,1,1,0.5807664,9.999E-05,1,0.28000414,1,1,1.06427769,9.999E-05,1,bat
Pteropus.hypomelanus-JX416257,0.033358847,1,1,0.145254875,0.00019998,1,0.436772685,0,1,0.397148942,0.00179982,1,0.139723634,0,1,0.427929356,9.999E-05,1,0.525186972,0,1,0.255391135,0.00139986,1,ectoparasite
Harpyionycteris.whiteheadi-JX416239,0.034551012,1,1,0.150443898,1.00E-04,1,0.396187692,0,1,0.395920326,0.00089991,1,0.074545153,1,1,0.4506647,9.999E-05,1,0.281955145,1,1,0.283605425,0.00139986,1,ectoparasite
Ptenochirus.jagori-JX416255,0.040999102,1,1,0.140598704,9.999E-05,1,0.434683538,0,1,0.390724988,0.00049995,1,0.132860471,0,1,0.452209236,9.999E-05,1,0.327036845,0,1,0.290769316,0.00079992,1,ectoparasite
Eidolon.helvum-KM030507,0.02625684,1,1,0.21458292,1.00E-04,1,0.270180327,1,1,1.400496238,9.999E-05,1,0.108721589,0,1,0.502159656,9.999E-05,1,0.3231739,0,1,0.900970533,9.999E-05,1,bat
Eidolon.helvum-KM030518,0.026546278,1,1,0.215366195,1.00E-04,1,0.272107696,1,1,1.405604283,9.999E-05,1,0.108721589,0,1,0.502159656,9.999E-05,1,0.3231739,0,1,0.900970533,9.999E-05,1,bat
Eidolon.helvum-JN172038,0.026911325,1,1,0.216295245,1.00E-04,1,0.274537798,1,1,1.411669448,9.999E-05,1,0.108732532,0,1,0.502137393,9.999E-05,1,0.323220332,0,1,0.900907163,9.999E-05,1,ectoparasite
Artibeus.lituratus-JX416231,0.042018015,0,1,0.185998388,9.999E-05,1,0.230647302,1,1,1.113294183,9.999E-05,1,0.059562885,1,1,0.267298947,9.999E-05,1,0.23404627,1,1,0.655131767,9.999E-05,1,ectoparasite
Myotis.nigricans-JQ071390,0.081955643,0,1,0.06187606,0.0009999,1,0.391837544,0,1,-0.094649886,1,0,0.093042868,1,1,0.1796826,9.999E-05,1,0.381773006,0,1,0.122568047,0.02279772,1,bat
Noctilio.leporinus-JX416254,0.054938475,0,1,0.061926304,0.03649635,1,0.286732993,1,1,0.818720201,9.999E-05,1,0.057623672,1,1,0.111623806,9.999E-05,1,0.259691455,1,1,0.503867832,9.999E-05,1,ectoparasite
Eidolon.helvum-JN172054,0.054119596,0,1,-0.07905339,1,0,0.444827728,0,1,-0.50393863,1,0,0.151510864,0,1,0.280511592,9.999E-05,1,0.313165892,0,1,0.593561043,9.999E-05,1,ectoparasite
Lophostoma.silvicolum-JX416247,0.031714269,1,1,0.097347331,0.00059994,1,0.237966516,1,1,0.745330676,9.999E-05,1,0.071243541,1,1,0.265136825,9.999E-05,1,0.223476119,1,1,0.625463483,9.999E-05,1,ectoparasite
Miniopterus.schreibersii-JF500511,0.050054258,0,1,0.05660615,0.00279972,1,0.384871279,0,1,0.319664728,9.999E-05,1,0.075881861,1,1,0.11573108,0.00039996,1,0.279912629,1,1,0.246910167,0.00039996,1,bat
Miniopterus.schreibersii-JF500513,0.051256656,0,1,0.056051276,0.00259974,1,0.389287444,0,1,0.316661812,9.999E-05,1,0.075881861,1,1,0.11573108,0.00059994,1,0.279912629,1,1,0.246910167,0.00059994,1,bat
Miniopterus.natalensis-HM545139,0.055017451,0,1,0.054794132,0.00249975,1,0.426876531,0,1,0.275043071,0.00019998,1,0.084923711,1,1,0.115606848,0.00069993,1,0.43266406,0,1,-0.029169754,0.878612139,0,bat
Myotis.myotis-JQ695835,0.068461424,0,1,0.109756133,2.00E-04,1,0.243687258,1,1,0.478708545,9.999E-05,1,0.061491835,1,1,0.235889256,9.999E-05,1,0.188998039,1,1,0.337608832,9.999E-05,1,bat
Myotis.myotis-JQ695839,0.067828574,0,1,0.110937289,2.00E-04,1,0.238893256,1,1,0.482988203,9.999E-05,1,0.061491835,1,1,0.235889256,9.999E-05,1,0.188998039,1,1,0.337608832,9.999E-05,1,ectoparasite
Myotis.myotis-JQ695840,0.071856182,0,1,0.102419848,1.00E-04,1,0.269527616,1,1,0.447896861,9.999E-05,1,0.062602257,1,1,0.235650689,9.999E-05,1,0.193750342,1,1,0.336856933,9.999E-05,1,ectoparasite
Lophostoma.silvicolum-EF616479,0.035767859,1,1,0.06398958,0.0079992,1,0.274878555,1,1,0.543621319,9.999E-05,1,0.106102973,0,1,0.222804365,9.999E-05,1,0.219616786,1,1,0.605787415,9.999E-05,1,bat
Pteronotus.personatus-JX416248,0.055760271,0,1,0.057780314,0.03309669,1,0.333908717,0,1,0.414082791,0.00089991,1,0.186141109,0,1,0.141960464,9.999E-05,1,0.368641332,0,1,0.290189058,0.00019998,1,ectoparasite
Eidolon.helvum-JN172045,0.059998309,0,1,-0.052078386,0.99910009,0,0.466100095,0,1,-0.328584349,1,0,0.115936811,0,1,0.415684943,9.999E-05,1,0.22960293,1,1,0.865176186,9.999E-05,1,ectoparasite
Eidolon.helvum-JN172074,0.067965758,0,1,-0.057905195,0.99950005,0,0.516248956,0,1,-0.368841461,1,0,0.115936811,0,1,0.415684943,9.999E-05,1,0.22960293,1,1,0.865176186,9.999E-05,1,ectoparasite
Miniopterus.natalensis-HM545141,0.093886286,0,1,-0.007025764,0.880511949,0,0.552845388,0,1,-0.280942826,0.99990001,0,0.24669549,0,0,0.085492285,0.00689931,0,0.562249923,0,0,-0.062375315,0.948805119,0,bat
Eidolon.helvum-JN172069,0.047730077,0,1,0.072059308,0.00689931,1,0.361619918,0,1,0.511149106,9.999E-05,1,0.125167273,0,1,0.411602042,9.999E-05,1,0.256278591,1,1,0.852367066,9.999E-05,1,ectoparasite
Eidolon.helvum-JN172065,0.054724565,0,1,0.103081942,0.01309869,1,0.29421384,1,1,0.894583679,9.999E-05,1,0.113982485,0,1,0.379955092,9.999E-05,1,0.173942013,1,1,0.831327526,9.999E-05,1,ectoparasite
Eidolon.helvum-JN172067,0.05464616,0,1,0.103301656,0.01159884,1,0.293886425,1,1,0.89644581,9.999E-05,1,0.113981277,0,1,0.379957334,9.999E-05,1,0.17393645,1,1,0.831336206,9.999E-05,1,ectoparasite
Eidolon.helvum-JN172072,0.055577021,0,1,0.103703065,0.01209879,1,0.297262375,1,1,0.900695473,9.999E-05,1,0.113981277,0,1,0.379957334,9.999E-05,1,0.17393645,1,1,0.831336206,9.999E-05,1,ectoparasite
Eidolon.helvum-JN172046,0.053749267,0,1,0.102653442,0.01139886,1,0.290734833,1,1,0.89003995,9.999E-05,1,0.113982485,0,1,0.379955092,9.999E-05,1,0.173942013,1,1,0.831327526,9.999E-05,1,ectoparasite
Eidolon.helvum-JN172036,0.043719095,0,1,0.072838465,0.0089991,1,0.282722903,1,1,0.617036241,9.999E-05,1,0.118710957,0,1,0.37114714,9.999E-05,1,0.195666026,1,1,0.80625757,9.999E-05,1,ectoparasite
Rhinolophus.landeri-KM030504,0.055448309,0,1,0.108037051,0.00329967,1,0.31221445,0,1,1.139976889,9.999E-05,1,0.174597703,0,1,0.257592175,9.999E-05,1,0.29780049,0,1,0.568192469,9.999E-05,1,bat
Eidolon.helvum-KM030504,0.048921849,0,1,0.152224095,9.999E-05,1,0.3655051,0,1,1.174935442,9.999E-05,1,0.166518594,0,1,0.307804268,9.999E-05,1,0.365498033,0,1,0.59051691,9.999E-05,1,bat
Rousettus.aegyptiacus-HM363764,0.044505511,0,1,0.131734057,0.00109989,1,0.192040937,1,1,0.665555618,0.00019998,1,0.134356776,0,1,0.271873084,9.999E-05,1,0.223382875,1,1,0.316591141,9.999E-05,1,bat
Eidolon.helvum-JN172049,0.053547095,0,1,0.154290082,9.999E-05,1,0.390644072,0,1,1.155740947,9.999E-05,1,0.16648664,0,1,0.307781877,9.999E-05,1,0.365682779,0,1,0.590165419,9.999E-05,1,ectoparasite
Pteronotus.davyi-HM597203,0.044184009,0,1,0.046365368,0.095590441,0,0.374204505,0,1,0.423233791,0.00109989,1,0.11410671,0,1,0.138704539,9.999E-05,1,0.339721942,0,1,0.259236761,9.999E-05,1,bat
Coleura.afra-HM545136,0.085335216,0,1,0.052981324,0.0379962,1,0.312234284,0,1,0.503315937,9.999E-05,1,0.147509235,0,1,0.020786873,0.312868713,0,0.280583823,1,1,0.272638895,9.999E-05,1,bat
Megaerops.niphanae-KP100352,0.037775765,1,1,0.01499139,0.687631237,0,0.240092167,1,1,0.258287651,0.00239976,1,0.098232209,0,1,0.1556012,9.999E-05,1,0.262997604,1,1,0.198632832,9.999E-05,1,bat
Eidolon.helvum-JN172066,0.129446125,0,0,-0.130896047,1,0,0.940467266,0,0,-0.846628979,1,0,0.367593726,0,0,0.087308129,0.00789921,0,0.74014538,0,0,0.184369055,0.04879512,1,ectoparasite
Rhinolophus.borneensis-KP100358,0.061260467,0,1,-0.003188631,0.908909109,0,0.077739969,1,1,0.54000744,0.02769723,1,0.157409406,0,1,0.166501307,9.999E-05,1,0.085203439,1,1,0.323421241,0.00169983,1,bat
Rhinolophus.borneensis-KP100353,0.064790262,0,1,-0.003560723,0.920007999,0,0.077140681,1,1,0.547809744,0.02819718,1,0.157409406,0,1,0.166501307,9.999E-05,1,0.085203439,1,1,0.323421241,0.00169983,1,bat
Chaerephon.plicatus-SK197,0.050997099,0,1,0.035717666,0.083791621,0,0.423426598,0,1,-0.069969456,0.9680032,0,0.083226952,1,1,0.168903088,9.999E-05,1,0.409884412,0,1,0.035748017,0.436256374,0,bat
Chaerephon.plicatus-SK170,0.052385604,0,1,0.035456096,0.067893211,0,0.408950742,0,1,-0.057286409,0.949505049,0,0.074025958,1,1,0.17000967,9.999E-05,1,0.394526355,0,1,0.038679791,0.404059594,0,bat
Chaerephon.plicatus-SK157,0.052892834,0,1,0.035025627,0.072192781,0,0.408420438,0,1,-0.057777446,0.949705029,0,0.074025958,1,1,0.17000967,9.999E-05,1,0.394526355,0,1,0.038679791,0.417858214,0,bat
Chaerephon.plicatus-SK163,0.102782751,0,1,0.031690859,0.059694031,0,0.611826327,0,1,0.172749682,0.01649835,1,0.221870133,0,0,0.111731422,9.999E-05,1,0.580697883,0,0,-0.036481002,0.95120488,0,bat
Hipposideros.fulvus-CR224,0.02466202,1,1,0.107828464,0.00059994,1,0.458032101,0,1,0.336931021,0.00249975,1,0.057665445,1,1,0.432314626,9.999E-05,1,0.479205194,0,1,0.239255121,0.00229977,1,bat
Hipposideros.larvatus-KP270,0.036804524,1,1,0.119401631,0.00019998,1,0.405435022,0,1,0.645350551,9.999E-05,1,0.075361423,1,1,0.443440769,9.999E-05,1,0.29075552,0,1,0.681393639,9.999E-05,1,bat
Hipposideros.larvatus-KP182,0.036448044,1,1,0.12635208,9.999E-05,1,0.405503865,0,1,0.684142435,9.999E-05,1,0.075343942,1,1,0.443450425,9.999E-05,1,0.290717785,0,1,0.681408926,9.999E-05,1,bat
Hipposideros.armiger-KP182,0.038763445,1,1,0.126378585,9.999E-05,1,0.480901384,0,1,0.602042729,9.999E-05,1,0.078461695,1,1,0.442808254,9.999E-05,1,0.397156266,0,1,0.601637584,9.999E-05,1,bat
Taphozous.melanopogon-KP283b,0.155537293,0,0,0.075720938,0.00789921,1,0.456598345,0,1,0.598018359,9.999E-05,1,0.147509235,0,1,0.020786873,0.312668733,0,0.517490959,0,1,0.342458547,9.999E-05,1,bat
Hipposideros.larvatus-KP277,0.034050701,1,1,0.110396799,9.999E-05,1,0.336370706,0,1,0.663405533,9.999E-05,1,0.083200137,1,1,0.442616153,9.999E-05,1,0.238121166,1,1,0.690699109,9.999E-05,1,bat
Hipposideros.larvatus-KP293b,0.034237795,1,1,0.109263564,0.00019998,1,0.338239153,0,1,0.653624599,9.999E-05,1,0.083200137,1,1,0.442616153,9.999E-05,1,0.238121166,1,1,0.690699109,9.999E-05,1,bat
Eidolon.dupreanum-KP010192,0.009464065,1,1,0.414293201,1.00E-04,1,0.310465945,1,1,1.045167412,9.999E-05,1,0.060933982,1,1,0.594504832,9.999E-05,1,0.295595059,0,1,0.431879112,9.999E-05,1,bat
Eidolon.dupreanum-KP010193,0.009802824,1,1,0.412294841,1.00E-04,1,0.313461438,0,1,1.039205634,9.999E-05,1,0.060933982,1,1,0.594504832,9.999E-05,1,0.295595059,0,1,0.431879112,9.999E-05,1,bat
Eidolon.dupreanum-KP010151,0.071953416,0,1,0.076368974,0.00519948,1,0.971145977,0,0,0.079300767,0.525947405,0,0.136637009,0,1,0.408505114,9.999E-05,1,1.064247789,0,0,0.206340068,0.01979802,1,ectoparasite
Eidolon.dupreanum-KP010160,0.08821992,0,1,-0.166860244,1,0,0.641205382,0,1,-0.289440722,0.99950005,0,0.162922597,0,1,0.310065679,9.999E-05,1,0.964110552,0,0,0.179288225,0.01279872,1,ectoparasite
Eidolon.dupreanum-KP010158,0.076128831,0,1,-0.054787068,0.99970003,0,0.782187156,0,0,-0.204652083,0.99850015,0,0.1370809,0,1,0.412042998,9.999E-05,1,1.098328273,0,0,0.206005827,0.02239776,1,ectoparasite
Eidolon.dupreanum-KP010163,0.007972444,1,1,0.42535394,1.00E-04,1,0.297388588,1,1,1.071181988,9.999E-05,1,0.061144048,1,1,0.59444275,9.999E-05,1,0.298977861,0,1,0.431449355,9.999E-05,1,ectoparasite
Eidolon.dupreanum-KP010155,0.008900096,1,1,0.419312511,1.00E-04,1,0.306432648,1,1,1.053749186,9.999E-05,1,0.061140491,1,1,0.594468962,9.999E-05,1,0.29908243,0,1,0.431452577,9.999E-05,1,ectoparasite
Eidolon.dupreanum-KP010154,0.01019862,1,1,0.410041575,1.00E-04,1,0.317183426,0,1,1.031177853,9.999E-05,1,0.060966938,1,1,0.594486809,9.999E-05,1,0.296072462,0,1,0.431812097,9.999E-05,1,ectoparasite
Anoura.geoffroyi-KJ816666,0.028190931,1,1,0.068514323,0.02509749,1,0.34869363,0,1,0.545706033,9.999E-05,1,0.096982952,0,1,0.197588483,9.999E-05,1,0.330326808,0,1,0.363007505,9.999E-05,1,bat
Anoura.geoffroyi-KJ816688,0.039614962,1,1,0.089225972,0.01069893,1,0.292141667,1,1,0.685167545,9.999E-05,1,0.120172106,0,1,0.241517729,9.999E-05,1,0.269150315,1,1,0.441608801,9.999E-05,1,ectoparasite
Sturnira.lilium-KJ816680,0.027255693,1,1,0.091577273,0.00239976,1,0.221273056,1,1,0.889315673,9.999E-05,1,0.105676179,0,1,0.276574528,9.999E-05,1,0.206458257,1,1,0.755176839,9.999E-05,1,bat
Artibeus.lituratus-KJ816680,0.063342676,0,1,0.136841248,9.999E-05,1,0.213096584,1,1,0.906767779,9.999E-05,1,0.103559057,0,1,0.279443967,9.999E-05,1,0.195899568,1,1,0.767601056,9.999E-05,1,bat
Anoura.geoffroyi-KJ816680,0.029182028,1,1,0.088589966,0.00249975,1,0.322116534,0,1,0.635412408,9.999E-05,1,0.137166361,0,1,0.262269313,9.999E-05,1,0.342423308,0,1,0.522163351,9.999E-05,1,bat
Sturnira.mordax-KJ816680,0.02702973,1,1,0.092447457,0.00219978,1,0.565939525,0,1,-0.153480237,0.99170083,0,0.101811495,0,1,0.276527866,9.999E-05,1,0.578783065,0,0,-0.152158303,0.99680032,0,bat
Vampyressa.thyone-KJ816672,0.027890327,1,1,0.110516246,0.00019998,1,0.322297513,0,1,0.471546003,9.999E-05,1,0.066564725,1,1,0.277205915,9.999E-05,1,0.342490449,0,1,0.388195604,9.999E-05,1,bat
Carollia.castanea-KJ816683,0.056542714,0,1,0.103898261,0.00039996,1,0.302135234,1,1,0.504488348,9.999E-05,1,0.139924218,0,1,0.26930483,9.999E-05,1,0.319982322,0,1,0.418797421,9.999E-05,1,bat
Artibeus.lituratus-KJ816675,0.063571972,0,1,0.132188289,9.999E-05,1,0.213524442,1,1,0.873843207,9.999E-05,1,0.103304296,0,1,0.279380402,9.999E-05,1,0.196237118,1,1,0.767546339,9.999E-05,1,bat
Platyrrhinus.vittatus-KJ816684,0.030216146,1,1,0.099238115,0.00039996,1,0.502358761,0,1,0.019889291,0.707829217,0,0.065819235,1,1,0.277206341,9.999E-05,1,0.520091326,0,1,-0.008803318,0.731726827,0,bat
Glossophaga.soricina-KJ816678,0.078780036,0,1,0.11897511,9.999E-05,1,0.215428562,1,1,0.870214421,9.999E-05,1,0.153252007,0,1,0.26209493,9.999E-05,1,0.197465103,1,1,0.765537235,9.999E-05,1,ectoparasite
Artibeus.jamaicensis-KJ816682,0.067446336,0,1,0.103074908,0.00159984,1,0.247973233,1,1,0.282442727,0.02629737,1,0.138235498,0,1,0.210438703,9.999E-05,1,0.266474656,1,1,0.144252681,0.00989901,1,ectoparasite
Artibeus.lituratus-KJ816685,0.087233381,0,1,0.122697077,0.00109989,1,0.401767084,0,1,0.761233427,9.999E-05,1,0.147150207,0,1,0.21022087,9.999E-05,1,0.315974027,0,1,0.511097364,9.999E-05,1,ectoparasite
Carollia.sowelli-KJ816690,0.057915687,0,1,0.080432843,0.00639936,1,0.217411535,1,1,0.154595374,0.207379262,0,0.141721033,0,1,0.200528977,9.999E-05,1,0.202426319,1,1,0.043301138,0.366463354,0,bat
Carollia.castanea-KJ816686,0.028941934,1,1,0.122809433,0.00129987,1,0.374164383,0,1,0.532994769,0.00059994,1,0.056777581,1,1,0.256696875,9.999E-05,1,0.351918912,0,1,0.362136352,9.999E-05,1,ectoparasite
Phyllostomus.hastatus-KJ816665,0.026513727,1,1,0.100417196,0.00029997,1,0.230161009,1,1,0.759849975,9.999E-05,1,0.053149421,1,1,0.270044341,9.999E-05,1,0.217355285,1,1,0.63873159,9.999E-05,1,ectoparasite
Micronycteris.microtis-KJ816681,0.032265369,1,1,0.016651353,0.141885811,0,0.379400163,0,1,0.11890878,0.04289571,1,0.107547963,0,1,0.187222658,9.999E-05,1,0.263342521,1,1,0.263164898,9.999E-05,1,ectoparasite
Sturnira.lilium-KJ816673,0.043325006,0,1,0.061780095,0.02639736,1,0.345089759,0,1,0.618614558,9.999E-05,1,0.129633014,0,1,0.207317898,9.999E-05,1,0.348608936,0,1,0.499032754,9.999E-05,1,ectoparasite
Myotis.keaysi-KJ816676,0.134284803,0,0,-0.015379687,0.95160484,0,0.323197444,0,1,0.363259269,0.00519948,1,0.248540486,0,0,-0.002757496,0.704329567,0,0.370115486,0,1,0.21552488,0.00049995,1,bat
Myotis.keaysi-KJ816669,0.108343301,0,1,0.053578228,0.01949805,1,0.466843439,0,1,0.225976476,0.02229777,1,0.264542295,0,0,-0.012573038,0.802919708,0,0.485598418,0,1,0.213456987,0.00149985,1,ectoparasite
Myotis.keaysi-KJ816667,0.105092223,0,1,0.046182919,0.00329967,1,0.455144729,0,1,0.019409691,0.883311669,0,0.122717597,0,1,0.18001538,9.999E-05,1,0.399635273,0,1,0.0933422,0.073792621,0,ectoparasite
Sturnira.lilium-KJ816679,0.027940946,1,1,0.018943429,0.257474253,0,0.365266101,0,1,0.217612402,0.00269973,1,0.098553963,0,1,0.222362355,9.999E-05,1,0.277400294,1,1,0.560513765,9.999E-05,1,ectoparasite
Uroderma.bilobatum-KJ816692,0.032039956,1,1,0.162647712,0.00029997,1,0.246644939,1,1,1.099205711,9.999E-05,1,0.079519721,1,1,0.25780135,9.999E-05,1,0.253658108,1,1,0.622482602,9.999E-05,1,ectoparasite
Uroderma.bilobatum-KJ816677,0.068896825,0,1,0.023679785,0.111988801,0,0.358277659,0,1,0.2089165,0.0019998,1,0.121479544,0,1,0.222662024,9.999E-05,1,0.291663817,0,1,0.560991714,9.999E-05,1,ectoparasite
Sturnira.lilium-KJ816670,0.023846867,1,1,0.078969642,0.00219978,1,0.241317715,1,1,0.781659031,9.999E-05,1,0.104340685,0,1,0.254534297,9.999E-05,1,0.241720113,1,1,0.637997729,9.999E-05,1,ectoparasite
Myotis.keaysi-KJ816689,0.100822259,0,1,0.072406612,2.00E-04,1,0.495517607,0,1,-0.099169128,0.998400159984002+L187,0,0.106622063,0,1,0.228021498,9.999E-05,1,0.486483926,0,1,0.06777208,0.213478652,0,ectoparasite
